Id,IsDeleted,MasterRecordId,AccountId,Salutation,FirstName,LastName,OtherStreet,OtherCity,OtherState,OtherPostalCode,OtherCountry,OtherLatitude,OtherLongitude,OtherGeocodeAccuracy,MailingStreet,MailingCity,MailingState,MailingPostalCode,MailingCountry,MailingLatitude,MailingLongitude,MailingGeocodeAccuracy,Phone,Fax,MobilePhone,HomePhone,OtherPhone,AssistantPhone,ReportsToId,Email,Title,Department,AssistantName,LeadSource,Birthdate,Description,OwnerId,HasOptedOutOfEmail,HasOptedOutOfFax,DoNotCall,CreatedDate,CreatedById,LastModifiedDate,LastModifiedById,SystemModstamp,LastActivityDate,LastCURequestDate,LastCUUpdateDate,EmailBouncedReason,EmailBouncedDate,Jigsaw,JigsawContactId,CleanStatus,IndividualId,Level__c,Languages__c
0035g00000Eo8opAAB,0,,0015g00000QwEowAAF,Ms.,Rose,Gonzalez,,,,,,,,,"313 Constitution Place Austin, TX 78767 USA",,,,,,,,(512) 757-6000,(512) 757-9000,(512) 757-9340,,,,,rose@edge.com,"SVP, Procurement",Procurement,,Trade Show,21/08/1969 0:00,,0055g00000D0tsKAAR,0,0,0,09/09/2021 8:22,0055g00000D0tsKAAR,09/09/2021 8:22,0055g00000D0tsKAAR,09/09/2021 8:22,,,,,,,,Pending,,Primary,English
0035g00000Eo8oqAAB,0,,0015g00000QwEowAAF,Mr.,Sean,Forbes,,,,,,,,,"312 Constitution Place Austin, TX 78767 USA",,,,,,,,(512) 757-6000,(512) 757-9000,(512) 757-4561,,,,,sean@edge.com,CFO,Finance,,Trade Show,19/05/1948 0:00,,0055g00000D0tsKAAR,0,0,0,09/09/2021 8:22,0055g00000D0tsKAAR,09/09/2021 8:22,0055g00000D0tsKAAR,09/09/2021 8:22,,,,,,,,Pending,,Secondary,English
0035g00000Eo8orAAB,0,,0015g00000QwEoxAAF,Mr.,Jack,Rogers,,,,,,,,,525 S. Lexington Ave,Burlington,NC,27215,USA,,,,(336) 222-7000,(336) 222-8000,,,,,,jrogers@burlington.com,"VP, Facilities",,,Web,,,0055g00000D0tsKAAR,0,0,0,09/09/2021 8:22,0055g00000D0tsKAAR,09/09/2021 8:22,0055g00000D0tsKAAR,09/09/2021 8:22,,,,,,,,Pending,,,
0035g00000Eo8osAAB,0,,0015g00000QwEoyAAF,Ms.,Pat,Stumuller,2 Place Jussieu,Paris,,75251,France,,,,2 Place Jussieu,Paris,,75251,France,,,,(014) 427-4427,(014) 427-4428,(014) 454-6364,,,(014) 427-4465,,pat@pyramid.net,"SVP, Administration and Finance",Finance,Jean Marie,,,,0055g00000D0tsKAAR,0,0,0,09/09/2021 8:22,0055g00000D0tsKAAR,09/09/2021 8:22,0055g00000D0tsKAAR,09/09/2021 8:22,,,,,,,,Pending,,Primary,"French, English"
0035g00000Eo8otAAB,0,,0015g00000QwEozAAF,Mr,Andy,Young,1301 Hoch Drive,Lawrence,KS,66045,USA,,,,1301 Hoch Drive,Lawrence,KS,66045,USA,,,,(785) 241-6200,,(785) 265-5350,,,,,a_young@dickenson.com,"SVP, Operations",Internal Operations,,Purchased List,,,0055g00000D0tsKAAR,0,0,0,09/09/2021 8:22,0055g00000D0tsKAAR,09/09/2021 8:22,0055g00000D0tsKAAR,09/09/2021 8:22,,,,,,,,Pending,,Primary,English
0035g00000Eo8ouAAB,0,,0015g00000QwEp0AAF,Mr.,Tim,Barr,,,,,,,,,"2335 N. Michigan Avenue, Suite 1500 Chicago, IL 60601, USA",,,,,,,,(312) 596-1000,(312) 596-1500,(312) 596-1230,,,,,barr_tim@grandhotels.com,"SVP, Administration and Finance",Finance,,External Referral,17/04/1955 0:00,,0055g00000D0tsKAAR,0,0,0,09/09/2021 8:22,0055g00000D0tsKAAR,09/09/2021 8:22,0055g00000D0tsKAAR,09/09/2021 8:22,,,,,,,,Pending,,Secondary,English
0035g00000Eo8ovAAB,0,,0015g00000QwEp0AAF,Mr.,John,Bond,,,,,,,,,"2334 N. Michigan Avenue, Suite 1500 Chicago, IL 60601, USA",,,,,,,,(312) 596-1000,(312) 596-1500,(312) 596-1563,,,,,bond_john@grandhotels.com,"VP, Facilities",Facilities,,External Referral,28/06/1957 0:00,,0055g00000D0tsKAAR,0,0,0,09/09/2021 8:22,0055g00000D0tsKAAR,09/09/2021 8:22,0055g00000D0tsKAAR,09/09/2021 8:22,,,,,,,,Pending,,Primary,English
0035g00000Eo8owAAB,0,,0015g00000QwEp1AAF,Ms.,Stella,Pavlova,,,,,,,,,"1303 Avenue of the Americas  New York, NY 10019 USA",,,,,,,,(212) 842-5500,(212) 842-5501,(212) 842-5501,,(212) 842-5543,(212) 842-5589,,spavlova@uog.com,"SVP, Production",Production,Audrey Haynes,Public Relations,12/12/1944 0:00,,0055g00000D0tsKAAR,0,0,0,09/09/2021 8:22,0055g00000D0tsKAAR,09/09/2021 8:22,0055g00000D0tsKAAR,09/09/2021 8:22,,,,,,,,Pending,,Tertiary,English
0035g00000Eo8oxAAB,0,,0015g00000QwEp1AAF,Ms.,Lauren,Boyle,,,,,,,,,"1304 Avenue of the Americas  New York, NY 10019 USA",,,,,,,,(212) 842-5500,(212) 842-5501,(212) 842-5611,,,,,lboyle@uog.com,"SVP, Technology",Technology,,Public Relations,25/01/1962 0:00,,0055g00000D0tsKAAR,0,0,0,09/09/2021 8:22,0055g00000D0tsKAAR,09/09/2021 8:22,0055g00000D0tsKAAR,09/09/2021 8:22,,,,,,,,Pending,,Secondary,English
0035g00000Eo8oyAAB,0,,0015g00000QwEp2AAF,Ms.,Babara,Levy,,,,,,,,,"620 SW 5th Avenue Suite 400 Portland, Oregon 97204 United States",,,,,,,,(503) 421-7800,(503) 421-7801,(503) 421-5451,,,(503) 421-6782,,b.levy@expressl&t.net,"SVP, Operations",Operations,Ron Sage,Word of mouth,29/07/1938 0:00,,0055g00000D0tsKAAR,0,0,0,09/09/2021 8:22,0055g00000D0tsKAAR,09/09/2021 8:22,0055g00000D0tsKAAR,09/09/2021 8:22,,,,,,,,Pending,,Primary,English
0035g00000Eo8ozAAB,0,,0015g00000QwEp2AAF,Mr.,Josh,Davis,,,,,,,,,"621 SW 5th Avenue Suite 400 Portland, Oregon 97204 United States",,,,,,,,(503) 421-7800,(503) 421-7801,(503) 421-4387,,,,,j.davis@expressl&t.net,"Director, Warehouse Mgmt",Warehouse Mgmt,,Word of mouth,22/11/1949 0:00,,0055g00000D0tsKAAR,0,0,0,09/09/2021 8:22,0055g00000D0tsKAAR,09/09/2021 8:22,0055g00000D0tsKAAR,09/09/2021 8:22,,,,,,,,Pending,,Secondary,English
0035g00000Eo8p0AAB,0,,0015g00000QwEp3AAF,Ms.,Jane,Grey,,,,,,,,,"888 N Euclid  Hallis Center, Room 501 Tucson, AZ 85721 United States",,,,,,,,(520) 773-9050,(520) 773-9060,(520) 773-4539,,,,,jane_gray@uoa.edu,Dean of Administration,Administration,,Word of mouth,09/10/1945 0:00,,0055g00000D0tsKAAR,0,0,0,09/09/2021 8:22,0055g00000D0tsKAAR,09/09/2021 8:22,0055g00000D0tsKAAR,09/09/2021 8:22,,,,,,,,Pending,,Primary,English
0035g00000Eo8p1AAB,0,,0015g00000QwEp1AAF,Mr.,Arthur,Song,,,,,,,,,"1301 Avenue of the Americas  New York, NY 10019 USA",,,,,,,,(212) 842-5500,(212) 842-5501,(212) 842-4535,,,(212) 842-5464,,asong@uog.com,CEO,Executive Team,Pat Feinstein,Public Relations,09/04/1953 0:00,,0055g00000D0tsKAAR,0,0,0,09/09/2021 8:22,0055g00000D0tsKAAR,09/09/2021 8:22,0055g00000D0tsKAAR,09/09/2021 8:22,,,,,,,,Pending,,Secondary,English
0035g00000Eo8p2AAB,0,,0015g00000QwEp4AAF,Ms.,Ashley,James,,,,,,,,,"Kings Park, 17th Avenue, Team Valley Trading Estate, Gateshead, Tyne and Wear NE26 3HS United Kingdom",,,,,,,,+44 191 4956203,+44 191 4956620,+44 191 3456234,,,,,ajames@uog.com,"VP, Finance",Finance,,Public Relations,18/12/1947 0:00,,0055g00000D0tsKAAR,0,0,0,09/09/2021 8:22,0055g00000D0tsKAAR,09/09/2021 8:22,0055g00000D0tsKAAR,09/09/2021 8:22,,,,,,,,Pending,,Primary,English
0035g00000Eo8p3AAB,0,,0015g00000QwEp5AAF,Mr.,Tom,Ripley,,,,,,,,,"9 Tagore Lane Singapore, Singapore 787472 Singapore",,,,,,,,(650) 450-8810,(650) 450-8820,(650) 345-7636,,,,,tripley@uog.com,Regional General Manager,Executive Team,,Public Relations,14/02/1952 0:00,,0055g00000D0tsKAAR,0,0,0,09/09/2021 8:22,0055g00000D0tsKAAR,09/09/2021 8:22,0055g00000D0tsKAAR,09/09/2021 8:22,,,,,,,,Pending,,Primary,English
0035g00000Eo8p4AAB,0,,0015g00000QwEp5AAF,Ms.,Liz,D'Cruz,,,,,,,,,"10 Tagore Lane Singapore, Singapore 787472 Singapore",,,,,,,,(650) 450-8810,(650) 450-8820,(650) 345-6637,,,,,ldcruz@uog.com,"VP, Production",Production,,Public Relations,27/05/1963 0:00,,0055g00000D0tsKAAR,0,0,0,09/09/2021 8:22,0055g00000D0tsKAAR,09/09/2021 8:22,0055g00000D0tsKAAR,09/09/2021 8:22,,,,,,,,Pending,,Secondary,English
0035g00000Eo8p5AAB,0,,0015g00000QwEp6AAF,Ms.,Edna,Frank,,,,,,,,,"345 Shoreline Park Mountain View, CA 94043 USA",,,,,,,,(650) 867-3450,(650) 867-9895,(650) 867-7686,,,,,efrank@genepoint.com,"VP, Technology",Technology,,Partner,01/11/1943 0:00,,0055g00000D0tsKAAR,0,0,0,09/09/2021 8:22,0055g00000D0tsKAAR,09/09/2021 8:22,0055g00000D0tsKAAR,09/09/2021 8:22,,,,,,,,Pending,,Primary,English
0035g00000Eo8p6AAB,0,,0015g00000QwEp1AAF,Mr.,Avi,Green,,,,,,,,,"1302 Avenue of the Americas  New York, NY 10019 USA",,,,,,,,(212) 842-5500,(212) 842-5501,(212) 842-2383,,,(212) 842-5428,,agreen@uog.com,CFO,Finance,Chris Nobel,Public Relations,21/03/1935 0:00,,0055g00000D0tsKAAR,0,0,0,09/09/2021 8:22,0055g00000D0tsKAAR,09/09/2021 8:22,0055g00000D0tsKAAR,09/09/2021 8:22,,,,,,,,Pending,,Primary,English
